Model,Accuracy,Precision,Recall,F1-Score
Random Forest,1.0,1.0,1.0,1.0
Gradient Boosting,0.8571428571428571,1.0,0.8,0.8888888888888888
Logistic Regression,1.0,1.0,1.0,1.0
SVM,1.0,1.0,1.0,1.0
KNN,1.0,1.0,1.0,1.0
Decision Tree,0.8571428571428571,1.0,0.8,0.8888888888888888
AdaBoost,1.0,1.0,1.0,1.0
Naive Bayes,0.8571428571428571,1.0,0.8,0.8888888888888888
