Model,Accuracy,Precision,Recall,F1-Score
Random Forest,0.9994324631101021,0.9994329252736932,0.9994324631101021,0.999432313245823
Gradient Boosting,0.9988649262202043,0.9988667733703749,0.9988649262202043,0.9988643255806308
Logistic Regression,1.0,1.0,1.0,1.0
SVM,0.9982973893303064,0.998297250854324,0.9982973893303064,0.9982969397374691
KNN,0.9858115777525539,0.9858995475154133,0.9858115777525539,0.9858373928068874
Decision Tree,0.9988649262202043,0.9988667733703749,0.9988649262202043,0.9988643255806308
AdaBoost,0.9988649262202043,0.9988667733703749,0.9988649262202043,0.9988643255806308
Naive Bayes,0.9943246311010215,0.9944287663101772,0.9943246311010215,0.9943392951368657
