feature,importance
Year of manufacture,0.6174937239903697
Engine size,0.22002222759975607
Model_num,0.07215708308370722
Mileage,0.040388628943570176
Model,0.03485447691711522
Fuel type,0.011975656603616994
Manufacturer,0.003108202861864502
