Model,RMSE,R2
Random Forest,667.2867331628511,0.9983592032055311
Gradient Boosting,1786.379764315161,0.9882408102286351
Linear Regression,9296.873588281078,0.6815042293097099
SVR,15809.707378844583,0.07896214240737542
KNN Regressor,799.815480360314,0.9976427294562089
Decision Tree Regressor,1067.9943076627328,0.9957969196352268
AdaBoost Regressor,7776.379439078395,0.7771643331818341
